kernel,variant,threads,time_s,speedup_vs_seq,efficiency,speedup_vs_self_1thread,verified
blur,seq,1,0.993000,1.000,1.000,1.000,ref
blur,omp_rows,1,0.990000,1.003,1.003,1.000,ok
blur,omp_rows,2,0.533000,1.863,0.932,1.857,ok
blur,omp_rows,4,0.350000,2.837,0.709,2.829,ok
blur,omp_rows,8,0.282000,3.521,0.440,3.511,ok
blur,omp_tiled,1,0.974000,1.020,1.020,1.000,ok
blur,omp_tiled,2,0.546000,1.819,0.909,1.784,ok
blur,omp_tiled,4,0.364000,2.728,0.682,2.676,ok
blur,omp_tiled,8,0.315000,3.152,0.394,3.092,ok
blur,seq_sep,1,0.246000,4.037,4.037,1.000,ok
blur,omp_sep,1,0.252000,3.940,3.940,1.000,ok
blur,omp_sep,2,0.215000,4.619,2.309,1.172,ok
blur,omp_sep,4,0.231000,4.299,1.075,1.091,ok
blur,omp_sep,8,0.229000,4.336,0.542,1.100,ok
blur,omp_sep_fused,1,0.310000,3.203,3.203,1.000,ok
blur,omp_sep_fused,2,0.169000,5.876,2.938,1.834,ok
blur,omp_sep_fused,4,0.142000,6.993,1.748,2.183,ok
blur,omp_sep_fused,8,0.161000,6.168,0.771,1.925,ok
sharpen,seq,1,0.539000,1.000,1.000,1.000,ref
sharpen,omp_rows,1,0.603000,0.894,0.894,1.000,ok
sharpen,omp_rows,2,0.348000,1.549,0.774,1.733,ok
sharpen,omp_rows,4,0.344000,1.567,0.392,1.753,ok
sharpen,omp_rows,8,0.171000,3.152,0.394,3.526,ok
sharpen,omp_tiled,1,0.493000,1.093,1.093,1.000,ok
sharpen,omp_tiled,2,0.310000,1.739,0.869,1.590,ok
sharpen,omp_tiled,4,0.198000,2.722,0.681,2.490,ok
sharpen,omp_tiled,8,0.145000,3.717,0.465,3.400,ok
sobel,seq,1,0.446000,1.000,1.000,1.000,ref
sobel,omp_rows,1,0.448000,0.996,0.996,1.000,ok
sobel,omp_rows,2,0.303000,1.472,0.736,1.479,ok
sobel,omp_rows,4,0.174000,2.563,0.641,2.575,ok
sobel,omp_rows,8,0.132000,3.379,0.422,3.394,ok
sobel,omp_tiled,1,0.498000,0.896,0.896,1.000,ok
sobel,omp_tiled,2,0.270000,1.652,0.826,1.844,ok
sobel,omp_tiled,4,0.148000,3.014,0.753,3.365,ok
sobel,omp_tiled,8,0.123000,3.626,0.453,4.049,ok
